﻿<?xml version="1.0"?>
<doc>
<assembly>
<name>
DriverBackup!2
</name>
</assembly>
<members>
<member name="P:DriverBackup__2.My.Resources.Resources.ResourceManager">
	<summary>
  Restituisce l'istanza di ResourceManager nella cache utilizzata da questa classe.
</summary>
</member><member name="P:DriverBackup__2.My.Resources.Resources.Culture">
	<summary>
  Esegue l'override della proprietà CurrentUICulture del thread corrente per tutte le
  ricerche di risorse eseguite utilizzando questa classe di risorse fortemente tipizzata.
</summary>
</member><member name="T:DriverBackup__2.My.Resources.Resources">
	<summary>
  Classe di risorse fortemente tipizzata per la ricerca di stringhe localizzate e così via.
</summary>
</member>
</members>
</doc>