<xml xmlns:o="urn:schemas-microsoft-com:office:office">
 <o:MainFile HRef="../index.htm"/>
 <o:File HRef="image293.gif"/>
 <o:File HRef="image305.gif"/>
 <o:File HRef="image306.gif"/>
 <o:File HRef="Backup.htm"/>
 <o:File HRef="image311.gif"/>
 <o:File HRef="image323.gif"/>
 <o:File HRef="Page388.htm"/>
 <o:File HRef="image395.gif"/>
 <o:File HRef="image410.gif"/>
 <o:File HRef="Restore.htm"/>
 <o:File HRef="image319.gif"/>
 <o:File HRef="image318.gif"/>
 <o:File HRef="PathFormat.htm"/>
 <o:File HRef="image389.gif"/>
 <o:File HRef="image408.gif"/>
 <o:File HRef="Builder.htm"/>
 <o:File HRef="image334.gif"/>
 <o:File HRef="image335.gif"/>
 <o:File HRef="Page356.htm"/>
 <o:File HRef="image367.gif"/>
 <o:File HRef="image370.gif"/>
 <o:File HRef="Info.htm"/>
 <o:File HRef="image342.gif"/>
 <o:File HRef="image343.gif"/>
 <o:File HRef="CommandLine.htm"/>
 <o:File HRef="image402.gif"/>
 <o:File HRef="image401.gif"/>
 <o:File HRef="filelist.xml"/>
</xml>