<xml xmlns:o="urn:schemas-microsoft-com:office:office">
 <o:MainFile HRef="../index.htm"/>
 <o:File HRef="image295.gif"/>
 <o:File HRef="image300.gif"/>
 <o:File HRef="image302.gif"/>
 <o:File HRef="image303.gif"/>
 <o:File HRef="BackUp.htm"/>
 <o:File HRef="image364.gif"/>
 <o:File HRef="Restore.htm"/>
 <o:File HRef="image400.gif"/>
 <o:File HRef="PathFormating.htm"/>
 <o:File HRef="image407.gif"/>
 <o:File HRef="CommandLineOptions.htm"/>
 <o:File HRef="image437.gif"/>
 <o:File HRef="OfflineBackup.htm"/>
 <o:File HRef="image417.gif"/>
 <o:File HRef="PCIlist.htm"/>
 <o:File HRef="image445.gif"/>
 <o:File HRef="image415.gif"/>
 <o:File HRef="CommandLineBuilder.htm"/>
 <o:File HRef="image444.gif"/>
 <o:File HRef="image390.gif"/>
 <o:File HRef="Info.htm"/>
 <o:File HRef="image436.gif"/>
 <o:File HRef="filelist.xml"/>
</xml>